ts_utc,ts_local,decision_date,data_source_klines,data_source_oi,data_source_funding,price_spot,price_mark,ma200d,ma200w,mayer,dist_200w,ssr_like,vol30d,funding,oi_notional,oi_trend_7d,price_trend_7d,atr14,atr60,adaptive_window,ma_adaptive,atr_adaptive,prev_close,z_score,valuation_score,liquidity_score,total_score,mult_raw,safety_vol,safety_oi,safety_funding,safety_score,risk_brake,volatility_edge,final_mult,base_invest,invest_amount,edge_triggered,brake_strength_level,price_30d_forward,price_300d_forward,pnl_30d,pnl_300d
2025-12-06T04:44:13Z,2025-12-06T13:44:13+09:00,2025-12-06,okx,hyperliquid,hyperliquid,89563.9,89524.0,109246.854,56036.89599999999,0.8198304731045162,0.5983023042532549,6.379702690163717,0.5737107833561421,0.21136032,1972840119.428,-0.0032346306036415,-0.0165162296306057,3798.5370930624167,3542.445993851052,28,92564.74285714285,3769.778787395828,90456.0,-0.7960262462020593,2,-1,1,1.2925,0.7,1.0,0.2,0.3083333333333333,-0.2075,0.0,1.2925,30.0,38.775,False,medium,,,,
2025-12-07T18:16:48Z,2025-12-08T03:16:48+09:00,2025-12-07,okx,hyperliquid,hyperliquid,91349.1,91294.0,109050.887,56280.8525,0.8376740667868205,0.6230937511118902,6.500916700237092,0.5770250052840946,-0.04865472,2070556337.3068,-0.0042237702467875,0.0788314617355674,3593.457212788572,3494.77982909632,29,92040.56896551725,3664.304133706105,89554.8,-0.1887040322763463,2,-1,1,1.35,0.7,1.0,1.0,0.75,-0.15,0.0,1.35,30.0,40.5,False,light,,,,
2025-12-08T01:26:55Z,2025-12-08T10:26:55+09:00,2025-12-08,okx,hyperliquid,hyperliquid,90978.1,90935.0,109049.032,56279.044,0.8342861768823405,0.6165537566700672,6.461498047047331,0.5752189947432317,0.18820512,1966510453.9769,-0.0084647539123156,0.0742463424138297,3622.6357842171433,3501.588162429653,29,92027.06896551725,3678.3903406026566,89554.8,-0.2851706503082449,2,-1,1,1.085,0.7,1.0,0.2,0.3083333333333333,-0.415,0.0,1.085,30.0,32.55,False,heavy,,,,
2025-12-09T01:26:29Z,2025-12-09T10:26:29+09:00,2025-12-09,okx,hyperliquid,hyperliquid,90452.6,90402.0,108951.51149999998,56276.28700000001,0.8302096846081849,0.6072950939353904,6.437184424843405,0.5663827560704638,0.0157824,2002963371.28056,-0.0174411942025444,-0.0043754691933945,3520.900947993454,3477.454434932118,30,91940.62666666663,3625.986023888282,89962.0,-0.4103784892890943,2,-1,1,1.3675,0.7,1.0,0.5,0.5583333333333333,-0.1324999999999999,0.0,1.3675,30.0,41.025,False,light,,,,
2025-12-10T01:28:07Z,2025-12-10T10:28:07+09:00,2025-12-10,okx,hyperliquid,binance,92230.1,92197.0,108879.2355,56285.234,0.8470862196676612,0.638619819898057,6.564309415275181,0.575444251562196,,1981264003.61554,-0.0140566261577595,-0.0016226473507764,3561.784538535475,3488.9195693323127,29,91178.04137931034,3646.0362213502376,92706.6,0.2885485927235414,2,-1,1,1.3925,0.7,1.0,0.6,0.6416666666666666,-0.1075,0.0,1.3925,30.0,41.775000000000006,False,light,,,,
2025-12-11T06:34:16Z,2025-12-11T15:34:16+09:00,2025-12-11,okx,hyperliquid,hyperliquid,90242.9,90211.0,108794.7825,56275.1425,0.8294781967140749,0.603601448010549,6.4088876734017965,0.5769534301156416,1.16059e-05,1888929013.0678,-0.0127616248139461,-0.0295571960085576,3705.172895640076,3524.3314789242795,29,90760.50344827583,3713.003394308164,92069.9,-0.1394029019928485,2,-1,1,1.42,0.7,1.0,0.8,0.7333333333333333,-0.08,0.0,1.42,30.0,42.6,False,light,,,,
2025-12-12T06:33:15Z,2025-12-12T15:33:15+09:00,2025-12-12,okx,hyperliquid,hyperliquid,92566.3,92550.0,108705.7505,56286.83050000001,0.8515308488670983,0.6445463206531052,6.57692754432301,0.5896218510306054,1.25e-05,2274158307.597,0.0098086595151822,0.0233295745998054,3751.620155992368,3536.776288663079,28,90216.49285714285,3740.032097389289,89875.1,0.6282852878448364,2,-1,1,1.3299999999999998,0.7,0.8,0.8,0.7166666666666666,-0.17,0.0,1.3299999999999998,30.0,39.9,False,light,,,,
2025-12-13T06:30:25Z,2025-12-13T15:30:25+09:00,2025-12-13,okx,hyperliquid,hyperliquid,90280.4,90239.0,108593.2995,56275.43950000001,0.8313625280351666,0.604259350120224,6.412753621699956,0.5782803137765605,7.4339e-06,2007429072.5792,0.0054940057425855,0.0058380238066588,3568.8829524162,3497.068450035164,29,90128.1793103448,3647.571192421997,89941.4,0.0417320681694782,2,-1,1,1.3299999999999998,0.7,0.8,0.8,0.7166666666666666,-0.17,0.0,1.3299999999999998,30.0,39.9,False,light,,,,
2025-12-14T06:30:14Z,2025-12-14T15:30:14+09:00,2025-12-14,okx,hyperliquid,hyperliquid,90123.6,90077.0,108507.45350000002,56274.656,0.8305752009929898,0.6014953516552818,6.403476186533465,0.5580918256931949,1.25e-05,1949654207.40974,0.0004692322258673,0.0063525349841659,3364.6912436761254,3449.5594411829834,31,90337.55161290323,3548.421088681247,90100.7,-0.0602948769484277,2,-1,1,1.3299999999999998,0.7,0.8,0.8,0.7166666666666666,-0.17,0.0,1.3299999999999998,30.0,39.9,False,light,,,,
2025-12-15T06:35:51Z,2025-12-15T15:35:51+09:00,2025-12-15,okx,hyperliquid,hyperliquid,89575.0,89529.0,108414.679,56525.351,0.8262257549090747,0.584687196369643,6.360670333107693,0.5597436909811516,-6.0018e-06,2071997146.72764,0.0046270894535932,-0.0043118205464528,3374.959724754913,3452.079496723426,31,90069.00967741937,3548.604619026022,89027.7,-0.1392123751321036,2,-1,1,1.42,0.7,0.8,1.0,0.7333333333333333,-0.08,0.0,1.42,30.0,42.6,False,light,,,,
2025-12-16T04:08:35Z,2025-12-16T13:08:35+09:00,2025-12-16,okx,hyperliquid,hyperliquid,85807.5,85796.0,108303.362,56506.51350000001,0.7922884240657275,0.518541751828309,6.09599399924156,0.56239998722711,1.25e-05,2017012439.502,0.0026228473329164,-0.0744186498048683,3344.2631038943,3444.7539473402944,31,89650.01290322581,3530.345678397538,87042.9,-1.0884239825970723,3,-1,2,2.949,0.7,0.8,0.8,0.7166666666666666,-0.051,0.3,2.949,30.0,88.47,True,light,,,,
2025-12-17T04:04:39Z,2025-12-17T13:04:39+09:00,2025-12-17,okx,hyperliquid,hyperliquid,87297.1,87251.0,108227.8835,56513.961500000005,0.8066045198047322,0.5446997110616639,6.201759414422254,0.5628607894828928,8.022e-07,2074182740.44062,0.0018559620835869,-0.0518399607254922,3239.463714785896,3419.90716047594,32,89644.028125,3480.658719124765,87968.9,-0.6742770016791942,2,-1,1,1.449,0.7,0.8,0.8,0.7166666666666666,-0.051,0.0,1.449,30.0,43.47,False,light,,,,
2025-12-18T04:06:04Z,2025-12-18T13:06:04+09:00,2025-12-18,okx,hyperliquid,hyperliquid,86765.9,86729.0,108137.8275,56511.3055,0.8023640016256106,0.5353724220722524,6.161818850163731,0.5621307713108404,1.25e-05,1954528658.94706,-0.0022849980096945,-0.0345935637345605,3393.576619410981,3458.235991437364,31,89250.35806451613,3544.360863036107,87231.9,-0.7009608108548917,2,-1,1,1.42,0.7,1.0,0.8,0.7333333333333333,-0.08,0.0,1.42,30.0,42.6,False,light,,,,
2025-12-19T04:07:36Z,2025-12-19T13:07:36+09:00,2025-12-19,okx,hyperliquid,hyperliquid,86953.8,86932.0,108059.1655,56512.34650000001,0.8046869471706221,0.5386690764999467,6.201648994215618,0.5573424375981394,1.25e-05,1933556305.0536,-0.0136290787948988,-0.0332305256533697,3555.2359731625047,3497.211530424488,30,89086.84666666666,3616.066633218929,88513.7,-0.5898803542698766,2,-1,1,1.42,0.7,1.0,0.8,0.7333333333333333,-0.08,0.0,1.42,30.0,42.6,False,light,,,,
2025-12-20T03:58:16Z,2025-12-20T12:58:16+09:00,2025-12-20,okx,hyperliquid,hyperliquid,88243.7,88183.0,107972.2535,56518.694500000005,0.8172812656910973,0.5613187951466216,6.299332353468461,0.5545416162928851,-1.01605e-05,1993803058.64108,-0.0028038278219544,-0.0206102727281808,3506.0655458746687,3487.584226420667,30,89066.35666666667,3592.2342778969387,87957.9,-0.2290097479801062,2,-1,1,1.425,0.7,1.0,1.0,0.75,-0.075,0.0,1.425,30.0,42.75,False,light,,,,
2025-12-21T04:11:14Z,2025-12-21T13:11:14+09:00,2025-12-21,okx,hyperliquid,hyperliquid,88099.6,88049.0,107885.8945,56517.974,0.8165998011908777,0.5587890677043732,6.279947205626626,0.4803380508618453,1.16742e-05,2037168440.3616,-0.0008815356933729,-0.0104259685468679,3296.618036736316,3439.50995279487,31,89032.95161290323,3494.4140226578224,88175.0,-0.2670981763612893,2,-1,1,1.42,0.7,1.0,0.8,0.7333333333333333,-0.08,0.0,1.42,30.0,42.6,False,light,,,,
2025-12-22T04:14:52Z,2025-12-22T13:14:52+09:00,2025-12-22,okx,hyperliquid,hyperliquid,88787.7,88745.0,107806.9925,56764.963,0.8235801587730963,0.5641285628953903,6.3272325008734525,0.4782456622350634,1.25e-05,2046917689.8713,-0.0019892244714726,0.020045288013152,3248.4525270391,3427.975188641252,32,89024.4,3470.4611341739787,88071.1,-0.0682041927135239,2,-1,1,1.34,0.7,1.0,0.8,0.7333333333333333,-0.16,0.0,1.34,30.0,40.2,False,light,,,,
2025-12-23T04:10:29Z,2025-12-23T13:10:29+09:00,2025-12-23,okx,hyperliquid,hyperliquid,88329.9,88276.0,107727.902,56762.628500000006,0.8199352104712854,0.5561277258328512,6.282962859450638,0.4721214320909004,-5.1084e-06,2067211210.1504,0.0047399983527067,0.004149193635478,3243.580765869925,3421.325943692914,32,89222.58124999999,3462.214659259156,89733.9,-0.2578353273424733,2,-1,1,1.34,0.7,0.8,1.0,0.7333333333333333,-0.16,0.0,1.34,30.0,40.2,False,light,,,,
2025-12-24T04:08:31Z,2025-12-24T13:08:31+09:00,2025-12-24,okx,hyperliquid,hyperliquid,87388.0,87348.0,107632.6255,56757.96399999999,0.8119099538271507,0.5396605840195398,6.232101132516204,0.4772179160714079,1.21398e-05,1960108076.26296,0.0060236479502546,0.0018124103682255,3199.384748348285,3410.516944202059,32,89291.89687499999,3437.675771985084,87444.9,-0.5538325895989276,2,-1,1,1.3299999999999998,0.7,0.8,0.8,0.7166666666666666,-0.17,0.0,1.3299999999999998,30.0,39.9,False,light,,,,
2025-12-25T04:10:51Z,2025-12-25T13:10:51+09:00,2025-12-25,okx,hyperliquid,hyperliquid,87753.9,87731.0,107539.795,56759.79350000001,0.8160132721101058,0.5460574217910075,6.271623521226837,0.4781270529943585,1.25e-05,2010678318.53588,0.0034524294684482,-0.0085839819146641,3083.19921478208,3382.855424830398,33,89234.77878787878,3385.0948185650154,87043.1,-0.4374704010526203,2,-1,1,1.415,0.7,0.8,0.8,0.7166666666666666,-0.085,0.0,1.415,30.0,42.45,False,light,,,,
2025-12-26T04:08:00Z,2025-12-26T13:08:00+09:00,2025-12-26,okx,hyperliquid,hyperliquid,88573.1,88554.0,107447.536,56763.9595,0.8243381216298903,0.5603756464522176,6.33650303749306,0.4801757191847598,1.06011e-05,1973497684.26996,-0.0035612978814867,0.0071625175225875,3080.699798636444,3377.924530411472,33,89298.55454545454,3375.581312264583,88367.1,-0.2149124782800276,2,-1,1,1.34,0.7,1.0,0.8,0.7333333333333333,-0.16,0.0,1.34,30.0,40.2,False,light,,,,
2025-12-27T04:05:39Z,2025-12-27T13:05:39+09:00,2025-12-27,okx,hyperliquid,hyperliquid,87499.9,87475.0,107332.7455,56758.5235,0.815220924354348,0.5416169167966463,6.254813186450397,0.4544308439964991,1.25e-05,1986405437.1375,-0.006314128753839,-0.007656365182875,2954.475328404857,3343.518563394096,34,89203.40294117646,3319.6255219227646,87139.0,-0.5131611773456247,2,-1,1,1.42,0.7,1.0,0.8,0.7333333333333333,-0.08,0.0,1.42,30.0,42.6,False,light,,,,
2025-12-28T04:28:50Z,2025-12-28T13:28:50+09:00,2025-12-28,okx,hyperliquid,hyperliquid,87798.3,87767.0,107223.3185,56760.0155,0.8188358766381587,0.5468336156462114,6.277158375427208,0.4509402274808216,1.25e-05,2038101929.73334,-0.0031007279410404,-0.003097497362926,2781.627197326556,3298.138493935148,36,89107.15833333333,3252.556627048076,87559.5,-0.4024090841182998,2,-1,1,1.42,0.7,1.0,0.8,0.7333333333333333,-0.08,0.0,1.42,30.0,42.6,False,light,,,,
2025-12-29T04:32:17Z,2025-12-29T13:32:17+09:00,2025-12-29,okx,hyperliquid,hyperliquid,90096.9,90075.0,107138.9195,57016.4245,0.840935305493724,0.5801920374715887,6.441203384301087,0.4582607285284355,1.25e-05,2125986965.454,0.00543783217763,0.0040452939190205,2787.83853295877,3290.399385054743,35,89265.58857142857,3234.872916129754,87839.2,0.2569842618627559,2,-1,1,1.3299999999999998,0.7,0.8,0.8,0.7166666666666666,-0.17,0.0,1.3299999999999998,30.0,39.9,False,light,,,,
2025-12-30T04:11:38Z,2025-12-30T13:11:38+09:00,2025-12-30,okx,hyperliquid,hyperliquid,87347.0,87336.0,107036.4485,57002.675,0.8160491236777162,0.5323315967189258,6.250607088366609,0.4484523312755176,1.25e-05,2077268833.41264,0.0114080873351882,-0.0011207057244047,2726.4100858914526,3263.706107391405,36,89145.34166666667,3205.6300597362324,87686.7,-0.5609947602046902,2,-1,1,1.415,0.7,0.8,0.8,0.7166666666666666,-0.085,0.0,1.415,30.0,42.45,False,light,,,,
2025-12-31T04:10:54Z,2025-12-31T13:10:54+09:00,2025-12-31,okx,hyperliquid,hyperliquid,88439.9,88401.0,106962.7725,57008.101,0.8268287922323628,0.5513567098121722,6.329058038759837,0.3677406391931822,1.25e-05,2049043745.07768,0.0081028795319883,0.0160472225828351,2717.29518241885,3255.517069354158,36,89231.73333333334,3190.5035238955834,89005.0,-0.2481844409206355,2,-1,1,1.39,1.0,0.8,0.8,0.8166666666666667,-0.11,0.0,1.39,30.0,41.7,False,light,,,,
2026-01-01T04:31:18Z,2026-01-01T13:31:18+09:00,2026-01-01,okx,hyperliquid,hyperliquid,87663.0,87652.0,106870.773,57004.26699999999,0.8202710389303538,0.5378322468386447,6.290140097743392,0.2656689988708273,1.25e-05,2069800140.64728,0.0079145875162558,-0.0079667659117477,2590.05428405372,3218.4648090143,37,89175.95945945945,3137.169788049316,87945.0,-0.4822689116868638,2,-1,1,1.445,1.0,0.8,0.8,0.8166666666666667,-0.055,0.0,1.445,30.0,43.35,False,light,,,,
2026-01-02T04:13:57Z,2026-01-02T13:13:57+09:00,2026-01-02,okx,hyperliquid,hyperliquid,88842.0,88796.0,106779.658,57010.09949999999,0.8320124044600329,0.5583554629649439,6.383741707427456,0.2604640225116252,1.25e-05,1977774395.27408,-0.0006883355537087,0.0195434879904521,2495.236095498989,3185.2420771673774,38,89176.93421052632,3095.720050010658,88034.0,-0.108192667655839,2,-1,1,1.4,1.0,1.0,0.8,0.8333333333333334,-0.0999999999999999,0.0,1.4,30.0,42.0,False,light,,,,
2026-01-03T04:05:43Z,2026-01-03T13:05:43+09:00,2026-01-03,okx,hyperliquid,hyperliquid,90391.1,90344.0,106713.238,57017.89599999999,0.8470467366007579,0.5853110398882487,6.481426551376696,0.266705735402118,1.1342e-06,2031258296.96608,-0.0056444331776042,0.0322889006903877,2512.4333711993017,3175.5892377148352,38,89281.95,3086.801939958956,89411.0,0.3593201059134868,2,-1,1,1.4,1.0,1.0,0.8,0.8333333333333334,-0.0999999999999999,0.0,1.4,30.0,42.0,False,light,,,,
2026-01-04T04:31:44Z,2026-01-04T13:31:44+09:00,2026-01-04,okx,hyperliquid,hyperliquid,91400.9,91357.0,106644.1635,57022.945,0.8570642499343154,0.6028793321705849,6.557137732874019,0.2535921268234433,9.0863e-06,2176476588.1411,-0.0002037130078423,0.0405650324684194,2453.7595950034524,3151.838148609678,39,89325.67435897436,3059.6176961991714,89971.4,0.6782630534539003,2,-1,1,1.4,1.0,1.0,0.8,0.8333333333333334,-0.0999999999999999,0.0,1.4,30.0,42.0,False,light,,,,
2026-01-05T04:38:34Z,2026-01-05T13:38:34+09:00,2026-01-05,okx,hyperliquid,hyperliquid,92516.6,92474.0,106585.886,57290.497,0.8680004780370264,0.6148681691485416,6.634699983888346,0.2549338280953451,8.5003e-06,2205452587.4582,0.0102980741786082,0.0550813293236034,2473.41919081684,3146.665245100242,38,89285.27105263158,3042.4833404283127,91332.9,1.0620695615422924,2,-1,1,1.39,1.0,0.8,0.8,0.8166666666666667,-0.11,0.0,1.39,30.0,41.7,False,light,,,,
2026-01-06T04:12:45Z,2026-01-06T13:12:45+09:00,2026-01-06,okx,hyperliquid,hyperliquid,93923.1,93883.0,106541.59350000002,57297.55449999999,0.8815627485428964,0.6392165567903954,6.721936488388853,0.2694212656979056,1.25e-05,2541653991.67168,0.0323529720578657,0.0552553227346779,2446.035688541945,3129.8933754570267,38,89398.10263157895,3018.194931729912,93957.1,1.499239602071528,2,-1,1,1.24,1.0,0.5,0.8,0.5666666666666667,-0.26,0.0,1.24,30.0,37.2,False,medium,,,,
2026-01-07T04:13:31Z,2026-01-07T13:13:31+09:00,2026-01-07,okx,hyperliquid,hyperliquid,92823.9,92893.0,106486.5075,57291.940999999984,0.8716963508264179,0.6201912237534424,6.656345855445629,0.2720583589436794,2.80653e-05,3046084179.79514,0.0659065575176873,0.0554778554778554,2463.224017647796,3124.032699221361,38,89427.29210526316,3009.9146639949577,93648.1,1.1284731541952204,2,-1,1,1.24,1.0,0.5,0.8,0.5666666666666667,-0.26,0.0,1.24,30.0,37.2,False,medium,,,,
2026-01-08T04:12:33Z,2026-01-08T13:12:33+09:00,2026-01-08,okx,hyperliquid,hyperliquid,90775.0,90789.0,106438.4415,57281.844,0.8528403715869891,0.5847080621217432,6.520233787853674,0.2641431539565558,1.25e-05,2737240865.53722,0.0586756937577189,0.0312606492945908,2388.210927966021,3092.706661874998,39,89424.25897435898,2977.9650685619813,91347.0,0.4535785325021547,2,-1,1,1.24,1.0,0.5,0.8,0.5666666666666667,-0.26,0.0,1.24,30.0,37.2,False,medium,,,,
2026-01-09T04:12:58Z,2026-01-09T13:12:58+09:00,2026-01-09,okx,hyperliquid,hyperliquid,91062.1,91043.0,106386.672,57283.224,0.8559540240153392,0.5896818237744442,6.549864451901692,0.2633927915923738,1.25e-05,2703191779.46974,0.0566591863867049,0.0184664079363836,2396.3773502514355,3081.440560917056,39,89587.83846153846,2966.6231540084614,90790.5,0.4969493804663213,2,-1,1,1.24,1.0,0.5,0.8,0.5666666666666667,-0.26,0.0,1.24,30.0,37.2,False,medium,,,,
2026-01-10T04:07:05Z,2026-01-10T13:07:05+09:00,2026-01-10,okx,hyperliquid,hyperliquid,90553.6,90542.0,106313.8585,57280.649,0.8517572523247288,0.580875942938426,6.518099976919825,0.2508681403752036,1.25e-05,2595120859.44896,0.03397622961683,0.0064709452114783,2410.7740721808564,3068.596944815409,38,89509.83684210527,2946.6850759611693,91183.9,0.3542160532897366,2,-1,1,1.24,1.0,0.5,0.8,0.5666666666666667,-0.26,0.0,1.24,30.0,37.2,False,medium,,,,
2026-01-11T04:31:11Z,2026-01-11T13:31:11+09:00,2026-01-11,okx,hyperliquid,hyperliquid,90729.0,90716.0,106232.8685,57281.559,0.854057706255009,0.5839128959461458,6.523827405076995,0.250472767431567,1.25e-05,2537229029.32912,0.0215552650585595,-0.0066120751667799,2263.625851426048,3022.9917345039003,40,89614.75749999999,2901.019875827955,90661.2,0.3840864756853833,2,-1,1,1.445,1.0,0.8,0.8,0.8166666666666667,-0.055,0.0,1.445,30.0,43.35,False,light,,,,
2026-01-12T04:33:04Z,2026-01-12T13:33:04+09:00,2026-01-12,okx,hyperliquid,hyperliquid,92037.7,92028.0,106157.207,57535.75199999999,0.8669943624270371,0.5996610246790554,6.620776951457015,0.2542333473806777,1.25e-05,2596487469.04344,0.0060342802551536,-0.0201858082039569,2295.563810211362,3019.7590955378864,39,89524.30769230769,2886.2827904749306,90875.0,0.8708059778434728,2,-1,1,1.445,1.0,0.8,0.8,0.8166666666666667,-0.055,0.0,1.445,30.0,43.35,False,light,,,,
2026-01-13T04:13:14Z,2026-01-13T13:13:14+09:00,2026-01-13,okx,hyperliquid,hyperliquid,91473.9,91437.0,106076.158,57532.93299999999,0.8623417526113644,0.5899398002184246,6.585463302306679,0.2483371628100149,9.5154e-06,2406894744.69894,-0.0317501642477079,-0.0232017520910728,2235.843970404828,2995.6526338245185,40,89563.24250000001,2861.7960999431184,91666.9,0.667642778616535,2,-1,1,1.45,1.0,1.0,0.8,0.8333333333333334,-0.0499999999999999,0.0,1.45,30.0,43.5,False,light,,,,
2026-01-14T04:31:38Z,2026-01-14T13:31:38+09:00,2026-01-14,okx,hyperliquid,hyperliquid,95448.0,95394.0,106026.0505,57552.80799999999,0.9002315897827392,0.6584421041628414,6.860615925303821,0.2499496560880749,3.2767e-06,2563983287.65488,-0.0153113440893561,0.0448958367543543,2399.013870060044,3024.537953353677,38,89741.87105263157,2884.0722599709934,93455.9,1.9784972195619743,2,-1,1,1.4,1.0,1.0,0.8,0.8333333333333334,-0.0999999999999999,0.0,1.4,30.0,42.0,False,light,,,,
2026-01-15T04:14:47Z,2026-01-15T13:14:47+09:00,2026-01-15,okx,hyperliquid,hyperliquid,96057.4,96039.0,105974.155,57555.851,0.9064228915059526,0.6689423982281142,6.881680921999186,0.2682045517347243,1.25e-05,3000754295.7921,0.0095100385603093,0.0581767916246742,2417.046628088337,3021.137265848969,37,89861.82702702703,2867.702747593789,96755.6,2.160465542731547,2,-1,1,1.39,1.0,0.8,0.8,0.8166666666666667,-0.11,0.0,1.39,30.0,41.7,False,light,,,,
2026-01-16T04:12:53Z,2026-01-16T13:12:53+09:00,2026-01-16,okx,hyperliquid,hyperliquid,95425.9,95408.0,105916.8325,57552.6925,0.900951225103904,0.6580614364827501,6.831855985078332,0.2694854911389457,1.25e-05,2722282253.35744,0.0092527646705176,0.0465202738641361,2404.907613963668,3009.8113625311903,38,90026.26315789473,2863.072985540456,96742.1,1.885958503110246,2,-1,1,1.39,1.0,0.8,0.8,0.8166666666666667,-0.11,0.0,1.39,30.0,41.7,False,light,,,,
2026-01-17T04:05:45Z,2026-01-17T13:05:45+09:00,2026-01-17,okx,hyperliquid,hyperliquid,95358.9,95379.0,105859.6345,57552.3585,0.9008051128308024,0.6569069015651201,6.8224229056468575,0.2751862820208537,1.25e-05,3109864760.10402,0.0260882740080336,0.0518170948542486,2365.697413978504,2992.51264857414,38,90090.80526315788,2837.764373693043,94589.3,1.8564242985354875,2,-1,1,1.39,1.0,0.8,0.8,0.8166666666666667,-0.11,0.0,1.39,30.0,41.7,False,light,,,,
2026-01-18T04:26:09Z,2026-01-18T13:26:09+09:00,2026-01-18,okx,hyperliquid,hyperliquid,95108.6,95098.0,105792.51149999998,57551.1065,0.8990107017168226,0.6525937689833992,6.8004566239600015,0.2753230344844777,1.25e-05,2967580637.09804,0.0302703533066914,0.0465870701513067,2248.7322340121345,2953.6006807469416,39,90224.88974358974,2794.4239488116727,95571.0,1.7476626116402498,2,-1,1,1.24,1.0,0.5,0.8,0.5666666666666667,-0.26,0.0,1.24,30.0,37.2,False,medium,,,,
2026-01-19T04:34:22Z,2026-01-19T13:34:22+09:00,2026-01-19,okx,hyperliquid,hyperliquid,92683.7,92642.0,105710.3155,57790.188,0.8767706307716013,0.6037964783917991,6.624014651416539,0.2925094100266748,1.25e-05,2793757392.79428,0.0265382142622569,0.0110192446782864,2347.3228537659006,2966.228576670904,38,90306.23684210528,2804.5230334042626,95113.9,0.8477245968662461,2,-1,1,1.39,1.0,0.8,0.8,0.8166666666666667,-0.11,0.0,1.39,30.0,41.7,False,light,,,,
2026-01-20T04:28:56Z,2026-01-20T13:28:56+09:00,2026-01-20,okx,hyperliquid,hyperliquid,92241.1,92180.0,105635.4565,57788.0085,0.8732020768045814,0.5961979378472612,6.597023731920606,0.2902973052237657,-1.01891e-05,2792977494.2872,0.0064944363559124,-0.0129986442803502,2268.221253568593,2938.0688553414216,39,90365.74615384616,2775.8048898212774,93063.0,0.6756072276659912,2,-1,1,1.45,1.0,0.8,1.0,0.8333333333333334,-0.0499999999999999,0.0,1.45,30.0,43.5,False,light,,,,
2026-01-21T04:28:49Z,2026-01-21T13:28:49+09:00,2026-01-21,okx,hyperliquid,hyperliquid,89490.2,89454.0,105534.818,57774.253500000006,0.8479684875184983,0.5489633284487179,6.418751817457368,0.3004220836687047,1.25e-05,2523626964.21324,-0.0052936981305058,-0.0750902273356788,2485.5509931879747,2982.467153499579,36,90501.5027777778,2811.6663966528035,90681.1,-0.3596809276455103,2,-1,1,1.47,1.0,1.0,0.8,0.8333333333333334,-0.0299999999999999,0.0,1.47,30.0,44.1,False,light,,,,
2026-01-22T04:31:00Z,2026-01-22T13:31:00+09:00,2026-01-22,okx,hyperliquid,hyperliquid,89970.5,89924.0,105444.06749999998,57776.6555,0.8532533136584476,0.5572119781145864,6.468114701145794,0.2826075695764013,-2.8549e-06,2472957001.47632,-0.0270217389443369,-0.0699953794676774,2536.2617631680646,2988.551095490128,35,90659.09714285714,2811.5503417519008,90279.5,-0.2449172375224357,2,-1,1,1.5,1.0,1.0,1.0,1.0,-0.0,0.0,1.5,30.0,45.0,False,none,,,,
2026-01-23T04:26:25Z,2026-01-23T13:26:25+09:00,2026-01-23,okx,hyperliquid,hyperliquid,90000.7,89944.0,105347.725,57776.806,0.8543202997501844,0.5577306229077459,6.485646305316594,0.2887977146544577,-8.5157e-06,2392087593.04368,-0.044779506358471,-0.0485118295621174,2456.30744807312,2964.270429984901,36,90613.93333333332,2783.986134272393,89003.2,-0.2202716909341247,2,-1,1,1.5,1.0,1.0,1.0,1.0,-0.0,0.0,1.5,30.0,45.0,False,none,,,,
2026-01-24T04:09:33Z,2026-01-24T13:09:33+09:00,2026-01-24,okx,hyperliquid,hyperliquid,89825.0,89778.0,105254.293,57775.9275,0.8534093711503056,0.5547132497353677,6.492166828167123,0.28323372310271,2.0905e-06,2174830804.19124,-0.0483172092363959,-0.0601228406106454,2431.7274252146785,2952.080162562967,36,90658.95277777778,2765.76924380111,89754.2,-0.3015265209297246,2,-1,1,1.47,1.0,1.0,0.8,0.8333333333333334,-0.0299999999999999,0.0,1.47,30.0,44.1,False,light,,,,
2026-01-25T04:34:43Z,2026-01-25T13:34:43+09:00,2026-01-25,okx,hyperliquid,hyperliquid,89041.3,89004.0,105151.3745,57772.00899999999,0.8467915937703697,0.5412533083279139,6.441005588674872,0.2795144983702484,7.186e-07,2156707446.63552,-0.0473651278043615,-0.0638466091706889,2307.5888491796945,2916.5409128632136,38,90530.9552631579,2734.341999493322,89279.9,-0.5447947855220494,2,-1,1,1.47,1.0,1.0,0.8,0.8333333333333334,-0.0299999999999999,0.0,1.47,30.0,44.1,False,light,,,,
2026-01-26T04:37:51Z,2026-01-26T13:37:51+09:00,2026-01-26,okx,hyperliquid,hyperliquid,87822.5,87782.0,105030.501,57976.17199999999,0.8361618688270372,0.5148033574896944,6.363921371121043,0.2822999850574738,6.8798e-06,2110495081.51316,-0.0463106247968639,-0.0562629616496351,2359.291206426636,2919.145105806357,37,90575.15675675675,2730.984014766016,88456.1,-1.0079358728844885,2,-1,1,1.77,1.0,1.0,0.8,0.8333333333333334,-0.0299999999999999,0.3,1.77,30.0,53.1,True,light,,,,
2026-01-27T04:29:52Z,2026-01-27T13:29:52+09:00,2026-01-27,okx,hyperliquid,hyperliquid,88835.9,88794.0,104889.177,57981.2135,0.8469501100194541,0.5321497194949187,6.444589884216488,0.2867940087035853,1.06909e-05,2060692620.73164,-0.0369556392858818,-0.020348231329351,2356.99611725155,2902.4297159322914,37,90590.97567567568,2719.151187252124,87643.0,-0.6454498315149977,2,-1,1,1.45,1.0,1.0,0.8,0.8333333333333334,-0.0499999999999999,0.0,1.45,30.0,43.5,False,light,,,,
2026-01-28T04:28:51Z,2026-01-28T13:28:51+09:00,2026-01-28,okx,hyperliquid,hyperliquid,88878.9,88840.0,104744.0265,57981.4285,0.8485343075865046,0.5328856549300093,6.4584509505149486,0.2850528881954131,1.25e-05,2077169242.8936,-0.0309889350334298,-0.0155140425013431,2346.825077635342,2892.9848362099606,37,90546.327027027,2705.899228170798,88038.9,-0.616219188677699,2,-1,1,1.45,1.0,1.0,0.8,0.8333333333333334,-0.0499999999999999,0.0,1.45,30.0,43.5,False,light,,,,
2026-01-29T04:51:27Z,2026-01-29T13:51:27+09:00,2026-01-29,okx,hyperliquid,hyperliquid,88268.0,88230.0,104594.98399999998,57978.37449999999,0.8439028013045063,0.522429712133444,6.425039317937189,0.2881955582087141,1.25e-05,2074929363.8268,-0.0206489647763974,-0.0082592535998704,2450.380996485077,2909.6880155170334,36,90683.40555555554,2725.4782643482995,89480.5,-0.8862318174212614,2,-1,1,1.45,1.0,1.0,0.8,0.8333333333333334,-0.0499999999999999,0.0,1.45,30.0,43.5,False,light,,,,
2026-01-30T04:53:43Z,2026-01-30T13:53:43+09:00,2026-01-30,okx,hyperliquid,hyperliquid,82944.9,82906.0,104393.711,57951.7585,0.7945392419280888,0.4312749456947022,6.080942674261462,0.3420970584366417,-2.861e-06,1969132949.92124,-0.0139151041451393,-0.0758649734497104,2825.159766509601,2989.23321942724,32,90800.9875,2837.8272639949464,84950.5,-2.76834591015262,3,-1,2,3.3000000000000003,1.0,1.0,1.0,1.0,-0.0,0.6,3.3000000000000003,30.0,99.0,True,none,,,,
2026-01-31T04:46:57Z,2026-01-31T13:46:57+09:00,2026-01-31,okx,hyperliquid,hyperliquid,84058.0,84040.0,104231.775,57957.32399999999,0.8064527347826514,0.4503430144566372,6.169682274020951,0.3470669086362339,1.25e-05,1997107213.992,-0.0129322324105834,-0.0584890888094632,2819.2482133842395,2982.0610778971527,32,90644.534375,2834.565911007272,82885.4,-2.323648340447112,2,-1,1,2.07,1.0,1.0,0.8,0.8333333333333334,-0.0299999999999999,0.6,2.07,30.0,62.1,True,light,,,,
2026-02-01T05:11:20Z,2026-02-01T14:11:20+09:00,2026-02-01,okx,hyperliquid,hyperliquid,78869.0,78842.0,104016.81,57931.3785,0.7582332124970954,0.3614210820134377,5.789460856384959,0.3540901107704783,1.25e-05,2010917338.75356,-0.0093343315383004,-0.1083825762157726,3155.000299048604,3057.082556692052,29,90392.3,2976.7047913787987,81302.0,-3.871159825245028,3,-1,2,3.2700000000000005,1.0,1.0,0.8,0.8333333333333334,-0.0299999999999999,0.6,3.2700000000000005,30.0,98.1,True,light,,,,
2026-02-02T05:11:14Z,2026-02-02T14:11:14+09:00,2026-02-02,okx,hyperliquid,hyperliquid,75475.5,75427.0,103793.4675,58088.71600000001,0.7271700408313269,0.2993143108895709,5.565233432116154,0.3783584493369091,-6.3898e-06,1657567664.92944,-0.0256309648788203,-0.1388325365402827,3203.3145573897204,3070.2150396133147,29,89801.76551724137,3006.197983561843,77600.9,-4.765576184795098,4,-1,3,5.6,1.0,1.0,1.0,1.0,-0.0,0.6,5.6,30.0,168.0,True,none,,,,
2026-02-03T05:00:45Z,2026-02-03T14:00:45+09:00,2026-02-03,okx,hyperliquid,hyperliquid,78786.2,78734.0,103615.0575,58105.379,0.7603740411957017,0.3559192170487348,5.785070960100442,0.3710690995727607,-1.41741e-05,1665091263.14456,-0.0377115998457958,-0.1052273483653247,3151.9476229000697,3059.8607015928906,29,89394.65862068965,2989.2666915403447,78851.7,-3.5488498402339594,3,-1,2,3.3000000000000003,1.0,1.0,1.0,1.0,-0.0,0.6,3.3000000000000003,30.0,99.0,True,none,,,,
2026-02-04T04:53:57Z,2026-02-04T13:53:57+09:00,2026-02-04,okx,hyperliquid,hyperliquid,76469.5,76426.0,103403.884,58093.68600000001,0.7395225115528543,0.3163134458364371,5.606678390686177,0.3545333919812479,1.25e-05,1628845848.53732,-0.0439469634855927,-0.1454059823089947,3338.239192839928,3107.0509057478457,28,88688.52857142857,3088.689661923376,78134.1,-3.956055774091461,3,-1,2,3.2700000000000005,1.0,1.0,0.8,0.8333333333333334,-0.0299999999999999,0.6,3.2700000000000005,30.0,98.1,True,light,,,,
2026-02-05T05:08:35Z,2026-02-05T14:08:35+09:00,2026-02-05,okx,hyperliquid,hyperliquid,70810.0,70799.0,103152.8675,58065.38850000001,0.6864569227801641,0.2194872337761072,5.19474579797589,0.4049482224633778,1.25e-05,1649229854.264,-0.0405882414916808,-0.1664486965938987,3352.600769604063,3116.1348721688505,28,87891.76785714287,3104.870012561884,74140.1,-5.501604829842264,4,-1,3,5.552,0.7,1.0,0.8,0.7333333333333333,-0.048,0.6,5.552,30.0,166.56,True,light,,,,
2026-02-06T05:00:22Z,2026-02-06T14:00:22+09:00,2026-02-06,okx,hyperliquid,hyperliquid,64912.0,64877.0,102869.2015,58035.8985,0.6310149107164985,0.1184801420796474,4.759520732113641,0.485802367383479,1.25e-05,1432419273.91722,-0.0507874003823982,-0.2168572510960916,3999.185890894599,3273.886506753792,25,86326.636,3497.6941784404257,67482.9,-6.122500969924276,4,0,4,7.552,0.7,1.0,0.8,0.7333333333333333,-0.048,0.6,7.552,30.0,226.56,True,light,,,,
2026-02-07T04:50:53Z,2026-02-07T13:50:53+09:00,2026-02-07,okx,hyperliquid,hyperliquid,70720.1,70677.0,102646.775,58064.8475,0.6889656299479454,0.2179503270029255,5.147620257346734,0.5044112385674662,-2.40726e-05,1427017456.49868,-0.0483358183269252,-0.1299525226931686,3984.13531209936,3281.750322045636,25,85566.58,3509.939889817737,68629.0,-4.22983881948216,4,-1,3,5.555,0.7,1.0,1.0,0.75,-0.045,0.6,5.555,30.0,166.64999999999998,True,light,,,,
2026-02-08T05:12:05Z,2026-02-08T14:12:05+09:00,2026-02-08,okx,hyperliquid,hyperliquid,69339.9,69300.0,102392.783,58058.038,0.6771951886491843,0.1943204143412492,5.039385149808402,0.4880609267575479,-9.8047e-06,1284971268.042,-0.041655179468876,-0.1064536622642262,3866.473078271466,3266.615744173553,25,84406.888,3464.363839191544,69159.9,-4.349135569870196,4,-1,3,5.555,0.7,1.0,1.0,0.75,-0.045,0.6,5.555,30.0,166.64999999999998,True,light,,,,
2026-02-09T05:15:30Z,2026-02-09T14:15:30+09:00,2026-02-09,okx,hyperliquid,hyperliquid,70858.1,70822.0,102160.731,58219.3325,0.6935942930948684,0.2170888424390645,5.178203513143285,0.5045084983907362,1.9288e-06,1289886556.2912798,-0.049038381767458,-0.1013751130286346,3864.158693420925,3277.9729921415355,25,83445.18800000001,3481.2558144980308,71181.5,-3.615674535487982,4,-1,3,5.552,0.7,1.0,0.8,0.7333333333333333,-0.048,0.6,5.552,30.0,166.56,True,light,,,,
2026-02-10T05:15:09Z,2026-02-10T14:15:09+09:00,2026-02-10,okx,hyperliquid,hyperliquid,69797.5,69739.0,101924.653,58213.6885,0.6847950711198398,0.1989877604130857,5.092160633550582,0.5072132528965311,9.938e-07,1260112724.53976,-0.0494444056047899,-0.1067971602667721,3844.957414185133,3281.630506781754,26,82870.31923076924,3470.8203975269344,69567.1,-3.766492567602755,4,-1,3,5.552,0.7,1.0,0.8,0.7333333333333333,-0.048,0.6,5.552,30.0,166.56,True,light,,,,
2026-02-11T05:14:17Z,2026-02-11T14:14:17+09:00,2026-02-11,okx,hyperliquid,hyperliquid,67682.8,67678.0,101669.8875,58203.6275,0.6657113690619556,0.1628622288189855,4.941547540089728,0.5042034390090221,7.845e-07,1187943179.1739202,-0.048932180263475,-0.0870837778745915,3836.590027059299,3289.937662860036,26,81815.98076923077,3482.2093570941724,69288.1,-4.058682095158286,4,0,4,7.552,0.7,1.0,0.8,0.7333333333333333,-0.048,0.6,7.552,30.0,226.56,True,light,,,,
2026-02-12T05:11:56Z,2026-02-12T14:11:56+09:00,2026-02-12,okx,hyperliquid,hyperliquid,66936.6,66893.0,101405.76649999998,58199.725,0.6600867219912984,0.1501188364721656,4.908862722650354,0.5055173469178134,-1.00253e-05,1289822982.12682,-0.0253701039222585,-0.0079160794808758,3846.472494251193,3305.7809620107805,26,80670.27307692308,3503.278243374724,66522.0,-3.920234740958905,4,0,4,7.524999999999999,0.7,1.0,1.0,0.75,-0.075,0.6,7.524999999999999,30.0,225.75,True,light,,,,
2026-02-13T05:07:19Z,2026-02-13T14:07:19+09:00,2026-02-13,okx,hyperliquid,hyperliquid,66255.3,66221.0,101147.163,58196.3185,0.6550386390965807,0.1384792321528037,4.865441707008901,0.4789490058778746,1.754e-07,1184485391.8445,-0.0229665546720963,-0.034545163123461,3726.842365127449,3288.1684791867056,26,79567.83846153846,3452.17995009522,67131.0,-3.856270140602393,4,0,4,7.52,0.7,1.0,0.8,0.7333333333333333,-0.08,0.6,7.52,30.0,225.6,True,light,,,,
2026-02-14T04:54:41Z,2026-02-14T13:54:41+09:00,2026-02-14,okx,hyperliquid,hyperliquid,68796.1,68770.0,100916.46649999998,58209.02299999999,0.681713325743525,0.1818803418157357,5.036138532402305,0.4952427138037504,1.25e-05,1300425364.29,-0.0038285741466246,-0.0052588277310984,3666.110820163954,3284.2770680717285,27,79259.47037037037,3421.161280855057,68704.0,-3.058426514097352,4,-1,3,5.52,0.7,1.0,0.8,0.7333333333333333,-0.08,0.6,5.52,30.0,165.6,True,light,,,,
2026-02-15T05:06:58Z,2026-02-15T14:06:58+09:00,2026-02-15,okx,hyperliquid,hyperliquid,70202.0,70184.0,100682.4275,58216.051999999996,0.6972616944501064,0.20588733842686557,5.134200085375291,0.5035939068771376,1.25e-05,1314861171.03872,0.001289503079780624,-0.013760597908164307,3567.097362388827,3269.8848637235956,28,78971.60357142857,3371.674909503548,69793.3,-2.6009635587079245,4,-1,3,5.515,0.7,0.8,0.8,0.7166666666666666,-0.08500000000000003,0.6,5.515,30.0,165.45,True,light,,,,
